<?xml version="1.0" encoding="UTF-8"?>

<mule xmlns:apikit="http://www.mulesoft.org/schema/mule/apikit" xmlns="http://www.mulesoft.org/schema/mule/core" xmlns:doc="http://www.mulesoft.org/schema/mule/documentation"
	xmlns:spring="http://www.springframework.org/schema/beans" 
	xmlns:xsi="http://www.w3.org/2001/XMLSchema-instance"
	xsi:schemaLocation="http://www.springframework.org/schema/beans http://www.springframework.org/schema/beans/spring-beans-current.xsd
http://www.mulesoft.org/schema/mule/core http://www.mulesoft.org/schema/mule/core/current/mule.xsd
http://www.mulesoft.org/schema/mule/apikit http://www.mulesoft.org/schema/mule/apikit/current/mule-apikit.xsd">
    <apikit:mapping-exception-strategy name="deloitte_globalExceptionStrategy">
        <apikit:mapping statusCode="400">
            <apikit:exception value="org.mule.module.apikit.exception.BadRequestException"/>
            <set-variable variableName="errorMessage" value="Bad Request" doc:name="Set Error Message"/>
            <flow-ref name="SetErrorValues" doc:name="SetErrorValues"/>
        </apikit:mapping>
        <apikit:mapping statusCode="404">
            <apikit:exception value="org.mule.module.apikit.exception.NotFoundException"/>
            <set-variable variableName="errorMessage" value="Resource Not Found" doc:name="Set Error Message"/>
            <flow-ref name="SetErrorValues" doc:name="SetErrorValues"/>
        </apikit:mapping>
        <apikit:mapping statusCode="405">
            <apikit:exception value="org.mule.module.apikit.exception.MethodNotAllowedException"/>
            <set-variable variableName="errorMessage" value="Method Not Allowed" doc:name="Set Error Message"/>
            <flow-ref name="SetErrorValues" doc:name="SetErrorValues"/>
        </apikit:mapping>
        <apikit:mapping statusCode="406">
            <apikit:exception value="org.mule.module.apikit.exception.NotAcceptableException"/>
            <set-variable variableName="errorMessage" value="Not Acceptable" doc:name="Set Error Message"/>
            <flow-ref name="SetErrorValues" doc:name="SetErrorValues"/>
        </apikit:mapping>
        <apikit:mapping statusCode="415">
            <apikit:exception value="org.mule.module.apikit.exception.UnsupportedMediaTypeException"/>
            <set-variable variableName="errorMessage" value="Unsupported Media Type" doc:name="Set Error Message"/>
            <flow-ref name="SetErrorValues" doc:name="SetErrorValues"/>
        </apikit:mapping>
        <apikit:mapping statusCode="500">
            <apikit:exception value="org.mule.module.db.internal.domain.connection.ConnectionCreationException"/>
            <set-variable variableName="errorMessage" value="Internal Exception" doc:name="Set Error Message"/>
            <flow-ref name="SetErrorValues" doc:name="SetErrorValues"/>
        </apikit:mapping>
    </apikit:mapping-exception-strategy>
    <sub-flow name="SetErrorValues">
        <set-property propertyName="content-type" value="application/json" doc:name="Set Content Type"/>
        <set-variable variableName="errorDescription" value="#[com.deloitte.mulesoft.helperclasses.CustomExceptionHelper.escapeStringForJSON(exception.getMessage())]" doc:name="Set Error Description"/>
        <set-variable variableName="errorCode" value="#[com.deloitte.mulesoft.helperclasses.CustomExceptionHelper.getErrorCode(exception.cause.class)]" doc:name="Set Error Code"/>
        <set-payload value="{
	&quot;errorCode&quot;: &quot;#[flowVars.errorCode]&quot;,
	&quot;message&quot;: &quot;#[flowVars.errorMessage]&quot;,
	&quot;description&quot;: &quot;#[flowVars.errorDescription]&quot; 
}" mimeType="application/json" doc:name="Set Payload"/>
    </sub-flow>
</mule>
